{
	"3b9f0d78-5e2c-4d48-90f5-8d48a5a82899": {
		"color": "yellow",
		"type": "leftright_topbottom",
		"location": { "point1": { "x": 570, "y": 484 }, "point2": { "x": 843, "y": 450 }, "refResolution": { "w": 1718, "h": 1124 } },
		"computed": {
			"a": 0.10707686441672215,
			"b": -533.2634625161317,
			"lineBearings": [83.8882346516113, 263.8882346516113],
			"point1": { "x": 637.0197904540163, "y": -465.05338078291817 },
			"point2": { "x": 942.1187427240978, "y": -432.38434163701066 }
		},
		"name": "in1"
	},
	"13b732de-dfcf-4e55-aa9a-55b60ebf3124": {
		"color": "turquoise",
		"type": "leftright_topbottom",
		"location": { "point1": { "x": 589, "y": 984 }, "point2": { "x": 1422, "y": 787 }, "refResolution": { "w": 1718, "h": 1124 } },
		"computed": {
			"a": 0.2033295969633405,
			"b": -1079.3229035386396,
			"lineBearings": [78.50675105623779, 258.5067510562378],
			"point1": { "x": 658.2537834691502, "y": -945.4804270462633 },
			"point2": { "x": 1589.196740395809, "y": -756.1921708185054 }
		},
		"name": "in2"
	},
	"b3302712-f43d-4d7f-a21c-d77c2d1352df": {
		"color": "green",
		"type": "rightleft_bottomtop",
		"location": { "point1": { "x": 804, "y": 456 }, "point2": { "x": 1050, "y": 423 }, "refResolution": { "w": 1718, "h": 1124 } },
		"computed": {
			"a": 0.11533422662963272,
			"b": -541.7810953910249,
			"lineBearings": [83.42090449194806, 263.4209044919481],
			"point1": { "x": 898.5331781140861, "y": -438.1494661921708 },
			"point2": { "x": 1173.4575087310827, "y": -406.44128113879003 }
		},
		"name": "out1"
	},
	"3a0d1bba-f86e-492f-b4ac-c0be7e6d999e": {
		"color": "purple",
		"type": "rightleft_bottomtop",
		"location": { "point1": { "x": 1377, "y": 802 }, "point2": { "x": 1717, "y": 677 }, "refResolution": { "w": 1718, "h": 1124 } },
		"computed": {
			"a": 0.31608979223361955,
			"b": -1257.0373665480429,
			"lineBearings": [72.45878632165734, 252.45878632165733],
			"point1": { "x": 1538.9057043073342, "y": -770.6049822064057 },
			"point2": { "x": 1918.8824214202562, "y": -650.4982206405693 }
		},
		"name": "out2"
	}
}
